"","REALRINC","SIBS","AGE","HAPPY","HEALTH","YOUNGEN"
"10653",8308,4,62,3,2,1
"10654",11329,15,77,1,2,2
"10656",16994,0,28,1,2,2
"10657",139297,5,24,2,1,1
"10659",32100,4,63,2,1,1
"10661",56647,1,62,1,2,2
"10662",16994,5,38,2,1,2
"10664",28323,0,44,1,2,1
"10665",28323,3,30,3,3,1
"10666",3021,2,45,2,4,2
"10668",20770,7,24,2,2,1
"10669",16994,3,36,2,1,2
"10670",6798,3,34,2,2,2
"10671",3021,8,81,1,2,1
"10672",5287,5,32,2,2,2
"10673",16994,0,24,2,3,2
"10674",755,2,83,1,1,1
"10677",32100,8,52,1,1,2
"10678",755,6,18,2,2,2
"10679",755,2,67,3,3,1
"10680",20770,4,58,2,2,2
"10683",11329,11,80,2,2,1
"10684",16994,4,62,1,2,1
"10685",5287,1,20,2,1,2
"10687",13595,7,58,3,1,1
"10688",3021,11,23,1,2,1
"10691",52510.1445,1,43,2,3,2
"10692",56647,2,37,3,3,2
"10694",3021,2,48,2,2,1
"10695",8308,1,57,3,4,1
"10697",24547,1,27,1,1,2
"10699",16994,2,35,2,2,2
"10700",6798,11,36,2,2,1
"10703",11329,0,29,3,3,2
"10704",3021,3,30,2,3,2
"10705",28323,2,46,2,2,2
"10711",755,4,38,2,1,1
"10713",6798,5,32,2,1,2
"10714",3021,0,44,2,3,1
"10715",24547,6,43,3,2,1
"10716",32100,1,58,1,2,1
"10717",13595,5,44,3,3,1
"10718",8308,5,27,2,2,1
"10719",9819,3,35,1,1,2
"10726",16994,1,45,2,2,2
"10729",20770,3,51,1,1,1
"10731",56647,2,41,1,2,2
"10733",56647,8,40,1,1,1
"10735",24547,4,30,2,1,1
"10737",139297,3,37,1,1,2
"10738",56647,2,51,2,1,2
"10739",11329,0,52,3,2,2
"10740",16994,3,26,3,1,2
"10741",11329,7,25,3,1,2
"10742",8308,6,47,3,3,1
"10744",20770,8,46,2,2,2
"10747",20770,3,27,2,1,2
"10748",52510.1445,2,25,2,1,1
"10749",13595,1,29,3,2,2
"10750",32100,12,41,2,2,1
"10751",8308,3,23,1,1,2
"10752",13595,5,26,2,1,1
"10755",20770,6,22,2,1,2
"10756",56647,0,34,1,2,1
"10759",13595,2,32,2,2,2
"10760",13595,9,22,3,1,2
"10761",20770,8,50,2,3,2
"10762",755,8,19,3,2,1
"10764",52510.1445,7,56,1,2,2
"10765",11329,2,22,2,3,2
"10766",24547,3,31,2,2,1
"10768",32100,4,22,2,2,1
"10769",13595,3,42,2,2,2
"10770",32100,2,31,2,2,2
"10773",56647,6,32,2,2,2
"10775",28323,3,32,1,1,2
"10778",52510.1445,6,36,1,2,1
"10779",52510.1445,5,32,2,1,2
"10781",56647,1,36,1,2,2
"10783",24547,4,29,2,1,2
"10784",16994,5,31,2,3,2
"10785",24547,3,40,3,1,2
"10786",16994,2,30,1,1,2
"10787",6798,4,27,3,3,2
"10788",28323,3,49,2,1,1
"10789",20770,4,23,1,3,2
"10790",13595,3,30,2,4,2
"10792",5287,4,47,2,1,2
"10793",16994,2,41,3,1,2
"10794",13595,7,28,2,1,1
"10795",56647,1,40,2,1,2
"10796",16994,4,22,2,1,2
"10797",3021,7,58,2,4,1
"10799",20770,5,56,2,3,1
"10800",28323,9,35,1,2,1
"10801",28323,5,38,1,2,1
"10803",56647,3,33,2,2,2
"10804",5287,2,42,2,1,2
"10805",32100,1,33,3,1,2
"10807",11329,2,26,2,2,2
"10808",32100,1,50,1,1,2
"10809",32100,3,32,2,3,1
"10810",56647,12,54,2,1,2
"10811",52510.1445,4,60,1,1,2
"10812",11329,0,44,2,2,2
"10817",755,2,34,2,3,1
"10818",32100,8,51,2,2,2
"10819",16994,6,57,2,2,1
"10820",16994,5,27,2,1,2
"10821",6798,1,19,1,2,2
"10824",8308,3,63,2,1,2
"10826",20770,2,55,1,3,1
"10827",28323,5,52,2,2,1
"10829",16994,3,47,2,3,1
"10831",9819,8,22,2,2,2
"10832",16994,7,31,2,2,1
"10833",28323,1,59,1,2,1
"10834",3021,9,68,2,2,2
"10839",16994,2,28,2,2,1
"10843",20770,5,67,1,1,1
"10845",52510.1445,2,44,2,2,2
"10846",52510.1445,1,39,2,2,1
"10847",56647,5,52,2,4,1
"10848",56647,3,41,1,1,2
"10851",52510.1445,2,40,1,2,2
"10852",56647,2,46,2,2,1
"10853",5287,2,39,2,2,1
"10855",5287,2,18,2,2,2
"10856",755,3,38,2,2,2
"10857",9819,2,22,2,1,2
"10858",9819,4,27,1,1,2
"10859",8308,4,30,2,3,2
"10860",28323,2,28,3,1,2
"10861",32100,5,62,2,4,1
"10862",13595,2,36,1,1,2
"10865",28323,3,51,1,1,2
"10866",24547,4,53,1,1,1
"10867",8308,1,22,1,1,2
"10868",6798,5,30,2,2,1
"10870",24547,6,30,1,1,2
"10871",13595,5,33,2,2,2
"10875",13595,0,45,1,2,2
"10882",20770,2,25,2,2,2
"10883",20770,3,27,1,1,1
"10885",16994,8,87,1,3,2
"10889",16994,6,40,2,2,2
"10891",56647,5,35,2,2,2
"10892",5287,4,19,2,2,1
"10896",52510.1445,1,33,2,3,2
"10897",9819,3,27,2,2,1
"10898",24547,1,29,2,1,2
"10900",3021,6,19,2,2,2
"10901",32100,2,38,3,2,1
"10903",6798,2,19,2,2,2
"10904",24547,2,31,2,1,2
"10905",28323,4,34,3,3,1
"10906",56647,5,65,1,2,1
"10907",8308,12,48,1,2,1
"10908",20770,7,30,2,2,2
"10915",11329,3,28,2,2,2
"10918",16994,5,32,2,2,2
"10919",16994,4,33,1,1,2
"10920",13595,0,35,2,3,2
"10921",16994,15,44,2,2,2
"10922",20770,5,38,2,1,2
"10924",8308,6,22,2,1,2
"10926",56647,1,38,2,1,2
"10927",6798,5,71,1,1,1
"10928",3021,2,58,2,2,1
"10929",11329,4,24,2,3,1
"10931",32100,2,66,2,2,2
"10932",28323,1,27,2,2,2
"10934",13595,3,23,2,2,2
"10935",16994,1,41,2,1,1
"10936",32100,1,58,1,1,1
"10938",755,1,34,2,1,1
"10941",8308,1,42,1,2,1
"10944",11329,10,24,1,2,2
"10945",3021,3,47,1,3,2
"10948",5287,6,51,3,3,1
"10950",20770,0,29,2,2,1
"10953",3021,6,22,1,2,2
"10954",755,5,22,1,1,1
"10956",56647,1,63,1,1,1
"10959",13595,8,35,2,2,2
"10961",16994,7,44,2,3,2
"10966",24547,8,43,1,2,1
"10970",9819,3,24,1,1,1
"10972",9819,10,28,3,2,1
"10974",3021,4,19,3,3,1
"10975",11329,1,48,3,3,1
"10977",16994,4,36,2,2,1
"10978",3021,3,21,1,2,2
"10979",9819,7,52,2,3,2
"10980",3021,8,22,2,1,2
"10981",28323,13,40,2,3,1
"10986",5287,6,57,2,3,2
"10987",3021,1,55,2,4,2
"10988",3021,0,58,1,3,2
"10990",11329,2,49,2,4,2
"10991",20770,2,30,1,1,2
"10993",56647,2,40,1,1,1
"10994",56647,4,32,2,2,1
"10995",20770,2,43,3,2,1
"10996",6798,8,39,2,2,1
"10997",13595,1,49,1,1,1
"10998",56647,2,57,2,3,2
"11001",56647,1,34,2,2,2
"11002",28323,1,32,2,3,2
"11003",3021,1,23,2,2,2
"11004",755,4,19,1,1,2
"11007",28323,5,33,2,2,2
"11008",56647,6,50,2,3,1
"11009",28323,6,33,2,2,2
"11010",3021,2,21,2,3,2
"11011",3021,10,66,2,3,1
"11012",16994,4,55,2,1,1
"11014",755,7,79,2,2,2
"11018",16994,7,56,2,3,1
"11019",9819,4,44,3,1,1
"11021",24547,0,36,1,1,2
"11023",16994,2,24,2,1,2
"11025",3021,2,61,2,3,2
"11028",13595,2,29,1,2,2
"11029",28323,4,34,1,1,1
"11030",3021,17,63,1,3,1
"11032",13595,4,58,1,2,2
"11033",52510.1445,4,37,1,1,1
"11034",52510.1445,3,57,2,2,2
"11035",3021,0,38,2,1,2
"11036",16994,7,54,2,2,1
"11038",16994,3,27,2,1,1
"11043",8308,0,49,2,1,2
"11044",3021,7,68,2,2,2
"11045",8308,4,22,2,2,1
"11046",16994,4,23,2,3,2
"11047",3021,10,55,2,2,1
"11048",56647,4,33,1,2,2
"11050",24547,6,37,2,1,2
"11052",20770,2,34,2,2,2
"11054",20770,5,52,2,3,2
"11055",139297,2,55,2,1,2
"11057",20770,8,45,1,1,2
"11060",9819,7,32,2,2,2
"11061",52510.1445,1,30,2,2,1
"11063",32100,6,59,3,3,2
"11064",3021,10,76,1,2,1
"11065",3021,2,32,2,2,2
"11068",24547,0,49,2,2,2
"11069",32100,7,48,2,2,2
"11070",16994,3,36,1,1,1
"11071",9819,2,39,2,4,1
"11072",20770,4,35,2,2,1
"11074",139297,1,55,3,1,2
"11075",139297,5,32,1,2,2
"11078",20770,1,27,1,1,2
"11079",32100,2,39,1,1,2
"11080",56647,0,30,2,1,2
"11081",16994,9,25,2,2,2
"11084",56647,1,23,1,2,1
"11085",56647,2,66,3,3,1
"11086",139297,0,41,2,2,2
"11087",24547,0,57,1,1,1
"11088",16994,0,64,3,1,2
"11089",56647,6,33,1,1,2
"11096",9819,5,32,3,2,2
"11097",56647,7,54,2,3,1
"11101",16994,8,36,2,2,1
"11102",6798,9,54,2,1,2
"11103",28323,2,54,1,2,2
"11106",8308,1,28,2,2,2
"11109",16994,2,60,3,4,2
"11110",16994,7,56,1,3,2
"11111",9819,14,35,2,1,1
"11113",13595,6,42,3,3,2
"11114",24547,3,46,2,2,2
"11115",755,6,29,2,2,2
"11116",13595,3,44,2,2,1
"11117",11329,1,33,1,1,2
"11118",32100,3,28,1,1,1
"11119",8308,1,20,3,4,2
"11120",20770,3,24,3,2,2
"11121",3021,4,37,3,2,2
"11122",24547,4,27,2,1,2
"11124",5287,6,45,3,4,2
"11125",8308,6,26,3,3,2
"11126",13595,1,50,1,2,1
"11131",8308,3,58,2,3,2
"11134",28323,6,52,2,3,2
"11142",28323,1,27,2,2,2
"11143",28323,2,49,2,2,2
"11147",3021,2,24,3,1,2
"11148",5287,9,58,1,2,2
"11149",24547,4,56,1,2,2
"11154",3021,3,59,2,2,1
"11157",24547,1,42,2,1,2
"11159",28323,11,69,3,2,1
"11160",32100,3,39,1,1,2
"11161",11329,4,53,2,2,2
"11162",13595,4,51,2,1,1
"11166",13595,2,25,2,1,2
"11170",8308,10,24,3,2,2
"11174",20770,1,56,2,2,1
"11175",24547,1,33,1,1,2
"11176",3021,2,41,2,2,2
"11179",9819,2,24,2,2,2
"11180",52510.1445,5,37,1,1,1
"11181",8308,4,61,2,2,1
"11182",28323,3,51,2,1,2
"11183",56647,10,37,2,3,2
"11184",8308,2,20,2,2,2
"11185",13595,7,33,1,2,2
"11186",755,4,36,1,2,1
"11187",28323,3,44,1,2,2
"11188",139297,1,27,1,1,2
"11189",52510.1445,4,39,2,2,1
"11190",24547,2,27,2,1,2
"11193",56647,2,36,1,1,1
"11195",8308,2,22,2,1,2
"11197",6798,2,68,1,2,2
"11200",24547,2,30,2,2,1
"11201",3021,2,31,1,1,2
"11202",32100,4,61,1,2,1
"11204",13595,6,28,1,2,1
"11205",16994,1,26,1,2,2
"11206",16994,2,41,1,1,1
"11207",20770,3,54,2,2,2
"11209",20770,0,20,1,2,2
"11211",6798,5,53,3,2,1
"11212",13595,8,24,2,1,1
"11215",20770,2,43,2,3,1
"11217",56647,2,36,2,2,2
"11219",32100,2,34,1,2,1
"11220",16994,10,36,3,1,1
"11221",24547,1,45,2,2,1
"11223",139297,3,45,1,1,2
"11224",56647,2,40,2,1,1
"11226",28323,4,24,1,2,2
"11231",56647,2,36,1,1,2
"11232",16994,4,45,2,2,2
"11233",9819,5,22,1,1,1
"11234",16994,3,33,2,1,2
"11236",24547,16,46,2,2,2
"11238",32100,12,53,1,2,2
"11239",8308,1,42,2,2,2
"11241",28323,6,28,3,1,2
"11242",24547,6,49,2,1,2
"11243",32100,9,50,2,2,2
"11245",20770,4,27,2,2,2
"11247",13595,3,30,2,2,2
"11248",13595,4,26,1,3,2
"11250",20770,1,34,2,2,2
"11251",8308,9,26,3,2,1
"11253",16994,14,52,1,1,2
"11254",16994,2,29,2,2,1
"11255",13595,1,41,3,3,1
"11257",13595,3,21,3,2,1
"11258",11329,1,21,2,2,1
"11259",56647,1,36,2,2,2
"11260",16994,1,31,2,3,1
"11261",9819,2,46,1,3,1
"11263",16994,8,59,1,3,1
"11264",24547,5,59,1,1,1
"11266",20770,0,44,2,1,1
"11267",24547,6,40,1,3,2
"11268",3021,7,56,3,3,1
"11270",5287,8,49,2,1,2
"11272",5287,2,21,2,2,1
"11274",9819,3,33,3,2,1
"11275",13595,3,28,1,2,1
"11276",3021,1,36,2,1,2
"11277",16994,2,25,3,3,2
"11279",3021,1,33,1,2,2
"11280",755,11,79,1,3,1
"11282",32100,2,37,2,2,2
"11283",5287,2,20,2,1,1
"11284",3021,4,28,2,1,2
"11286",8308,11,57,3,1,1
"11288",32100,3,31,1,3,1
"11291",6798,8,67,3,2,1
"11293",20770,2,54,1,1,2
"11294",755,4,77,1,1,1
"11295",16994,11,65,1,3,1
"11304",3021,5,61,2,2,2
"11307",20770,4,45,2,2,2
"11310",24547,3,41,2,1,2
"11311",6798,3,23,2,3,2
"11312",20770,4,22,2,2,2
"11318",9819,2,60,2,2,1
"11320",3021,1,29,3,2,2
"11322",5287,5,27,2,2,2
"11323",3021,4,19,2,2,2
"11328",6798,3,23,3,1,2
"11330",5287,1,43,1,3,2
"11332",28323,5,26,2,2,2
"11333",28323,9,47,2,1,2
"11334",755,14,46,2,1,2
"11336",16994,1,50,2,2,2
"11337",16994,1,34,1,3,1
"11338",139297,2,64,1,2,2
"11340",139297,2,44,1,2,1
"11343",13595,4,26,2,2,2
"11346",755,10,21,1,1,2
"11348",13595,4,44,2,3,2
"11354",13595,5,25,1,2,2
"11357",16994,4,36,2,1,2
"11360",8308,10,33,1,2,1
"11361",5287,8,21,1,2,2
"11362",3021,4,22,1,2,1
"11364",13595,6,35,2,1,1
"11366",28323,3,41,2,2,2
"11367",16994,1,35,2,2,2
"11368",16994,1,51,1,1,1
"11369",3021,7,19,2,3,2
"11371",3021,5,30,2,2,1
"11372",9819,0,54,1,3,2
"11373",32100,7,50,2,2,2
"11374",755,13,45,3,1,2
"11375",11329,5,36,1,1,1
"11377",32100,6,43,1,3,2
"11378",5287,6,36,1,3,2
"11380",755,9,61,2,2,1
"11381",755,0,49,1,2,2
"11383",755,8,66,1,2,1
"11384",24547,6,54,2,3,2
"11386",13595,4,54,1,3,1
"11388",13595,1,31,2,1,2
"11389",16994,2,36,2,3,2
"11391",13595,5,33,2,3,2
"11393",13595,2,51,1,2,1
"11394",755,1,70,1,2,1
"11396",24547,6,26,2,2,2
"11398",56647,7,51,2,2,2
"11399",3021,4,35,2,2,1
"11400",3021,8,32,2,1,1
"11403",24547,6,19,3,2,1
"11405",13595,2,29,2,2,1
"11406",5287,3,27,1,2,2
"11408",28323,6,54,1,2,1
"11410",755,11,24,2,1,1
"11413",20770,9,27,2,3,1
"11414",16994,1,44,2,1,2
"11415",56647,0,55,3,1,2
"11418",32100,4,31,1,2,2
"11419",28323,1,26,2,1,1
"11420",20770,2,24,2,1,2
"11421",11329,9,47,1,1,2
"11422",8308,7,62,2,2,1
"11423",8308,4,27,2,1,2
"11424",13595,6,31,2,1,2
"11425",20770,2,27,3,4,2
"11426",28323,6,30,2,2,2
"11427",56647,2,61,1,1,2
"11428",20770,5,22,2,1,2
"11431",139297,1,40,2,2,2
"11432",139297,3,58,1,3,2
"11433",139297,1,49,1,1,2
"11434",13595,2,49,1,1,2
"11436",16994,2,54,2,1,2
"11437",755,6,35,1,3,2
"11438",56647,5,47,2,1,1
"11439",28323,2,33,1,1,2
"11441",755,8,52,3,2,1
"11444",56647,7,37,2,2,2
"11445",6798,0,36,3,1,2
"11448",32100,1,32,2,1,2
"11449",5287,4,22,2,1,2
"11450",13595,2,25,1,2,1
"11451",9819,0,31,2,3,2
"11454",8308,5,79,3,1,1
"11457",16994,3,27,2,1,2
"11459",3021,1,23,2,1,2
"11461",20770,4,43,2,2,2
"11462",13595,1,67,2,1,1
"11468",13595,3,64,2,3,1
"11472",5287,1,40,3,1,2
"11473",3021,4,22,2,2,1
"11474",13595,6,34,2,1,1
"11479",11329,5,36,2,1,2
"11481",755,5,19,2,1,2
"11482",11329,5,38,1,2,2
"11483",13595,3,22,2,1,2
"11484",5287,5,21,2,2,1
"11485",755,1,21,2,1,2
"11489",20770,3,20,2,1,2
"11490",20770,2,28,1,1,2
"11491",56647,5,57,2,2,2
"11492",56647,2,56,2,1,1
"11493",32100,1,48,2,1,2
"11494",13595,7,63,1,1,1
"11498",755,5,19,3,1,2
"11500",5287,4,70,2,2,2
"11501",32100,3,37,2,2,2
"11502",16994,1,66,3,2,2
"11504",56647,4,36,1,1,1
"11505",139297,1,43,1,2,1
"11507",24547,1,33,2,1,2
"11508",52510.1445,2,35,1,2,2
"11510",16994,3,35,2,1,2
"11511",20770,8,59,2,1,1
"11513",28323,3,37,2,2,1
"11514",755,3,44,2,3,2
"11515",13595,1,29,1,2,2
"11516",56647,10,48,1,1,2
"11517",8308,5,60,2,1,2
"11519",56647,3,37,1,2,2
"11520",20770,4,62,1,1,1
"11521",16994,3,65,2,3,1
"11523",3021,9,20,2,2,1
"11525",16994,5,23,1,2,2
"11526",9819,3,29,2,1,1
"11529",6798,3,56,3,1,2
"11530",32100,0,51,3,1,1
"11532",20770,1,25,1,1,2
"11533",5287,0,20,1,2,2
"11536",139297,1,62,1,1,2
"11537",6798,2,31,2,2,2
"11539",56647,5,33,2,1,2
"11540",32100,2,21,1,2,2
"11546",28323,4,50,2,1,2
"11547",28323,5,41,1,2,2
"11548",13595,16,26,2,1,1
"11549",13595,4,60,1,2,1
"11551",755,4,19,2,1,2
"11553",5287,2,55,3,3,1
"11554",13595,3,37,2,3,2
"11555",16994,6,27,1,1,2
"11556",13595,3,23,2,1,2
"11559",56647,2,37,3,1,2
"11562",755,1,31,1,1,2
"11563",24547,5,24,1,2,2
"11567",24547,2,28,2,2,2
"11568",56647,3,53,2,1,2
"11569",5287,1,24,2,1,2
"11573",28323,1,42,1,2,2
"11574",28323,13,32,3,3,1
"11576",5287,6,31,2,2,1
"11577",5287,1,34,2,2,2
"11578",16994,5,20,2,3,2
"11579",755,6,29,2,2,1
"11580",3021,2,26,2,1,2
"11581",13595,9,37,2,1,2
"11582",8308,0,39,2,2,2
"11583",755,8,19,2,2,2
"11585",24547,2,23,2,2,2
"11587",20770,2,26,1,2,1
"11589",8308,5,27,2,1,2
"11591",16994,1,21,2,2,2
"11593",11329,10,59,2,2,1
"11597",3021,1,22,2,2,1
"11598",11329,6,61,2,3,1
"11599",56647,3,42,1,1,1
"11602",28323,10,46,1,1,2
"11603",28323,7,40,1,2,1
"11604",16994,5,24,1,2,1
"11605",16994,4,34,3,2,2
"11607",13595,2,65,1,1,2
"11608",13595,1,22,2,2,1
"11611",56647,5,48,2,2,1
"11612",56647,6,57,2,1,1
"11613",52510.1445,2,42,2,1,2
"11614",13595,5,24,1,1,2
"11616",52510.1445,3,59,3,3,2
"11617",755,4,27,1,2,1
"11618",20770,6,57,2,2,2
"11620",56647,4,40,2,2,2
"11621",9819,4,48,2,2,1
"11622",24547,5,50,1,1,2
"11623",8308,1,38,2,2,1
"11624",16994,4,20,2,2,1
"11625",32100,7,59,3,4,1
"11627",52510.1445,2,37,2,1,2
"11628",52510.1445,1,41,2,2,1
"11629",56647,2,37,2,2,1
"11630",13595,6,63,1,2,1
"11632",9819,2,59,2,3,2
"11635",24547,1,34,2,1,1
"11636",6798,5,56,2,3,1
"11637",56647,8,58,1,2,1
"11638",32100,3,55,1,1,1
"11639",20770,3,31,2,2,1
"11641",9819,2,51,1,2,1
"11642",24547,2,24,2,2,1
"11643",28323,3,59,2,2,1
"11645",56647,2,48,2,2,2
"11646",3021,4,34,1,1,2
"11647",56647,1,50,2,2,2
"11648",28323,1,28,1,1,1
"11650",56647,0,37,2,1,2
"11651",56647,2,59,2,2,1
"11652",8308,7,23,2,2,2
"11653",28323,6,24,3,1,2
"11654",20770,6,45,1,2,2
"11662",9819,15,60,2,4,1
"11664",6798,4,27,2,1,1
"11666",20770,1,30,1,2,2
"11667",16994,4,25,1,2,2
"11668",56647,2,52,2,2,2
"11669",6798,3,60,3,4,2
"11672",11329,4,28,2,2,2
"11674",3021,1,29,1,1,2
"11675",13595,5,35,1,2,2
"11676",52510.1445,1,40,2,2,2
"11677",6798,5,50,1,4,2
"11678",16994,2,29,3,2,2
"11679",24547,3,60,1,2,1
"11680",755,9,29,1,1,2
"11681",16994,3,59,2,3,2
"11682",13595,11,38,1,1,2
"11683",16994,1,35,2,2,2
"11684",24547,7,58,1,1,1
"11686",13595,8,56,1,1,1
"11687",24547,5,57,1,2,2
"11688",24547,6,57,2,2,2
"11689",3021,13,44,1,2,1
"11691",56647,1,33,2,1,2
"11692",6798,2,27,2,3,2
"11693",32100,0,64,1,2,1
"11694",3021,12,67,3,4,1
"11697",56647,1,38,1,1,2
"11699",24547,4,35,2,2,2
"11700",32100,1,60,2,3,2
"11701",20770,7,28,2,2,2
"11702",32100,10,44,2,1,2
"11703",8308,7,57,1,2,2
"11704",16994,12,30,1,1,2
"11705",755,1,65,1,1,1
"11706",8308,1,30,2,2,2
"11707",16994,1,25,1,2,2
"11708",32100,4,33,3,2,2
"11709",13595,4,42,2,2,2
"11711",28323,5,41,1,1,1
"11712",28323,1,30,1,1,2
"11713",20770,4,31,2,1,1
"11717",11329,1,31,1,2,2
"11718",28323,12,41,2,3,2
"11719",32100,4,54,1,2,1
"11721",5287,3,20,1,2,1
"11724",32100,1,34,2,1,1
"11725",3021,2,20,2,1,2
"11726",16994,10,58,1,2,1
"11728",20770,15,37,1,2,2
"11730",24547,6,37,2,2,2
"11731",24547,5,36,2,3,1
"11732",16994,0,44,1,1,1
"11733",755,6,71,1,1,1
"11735",9819,2,42,1,1,1
"11736",16994,3,40,2,3,1
"11737",28323,0,31,2,2,2
"11738",24547,3,29,1,1,2
"11739",16994,2,25,2,3,2
"11741",11329,1,46,2,2,2
"11743",3021,2,28,2,3,1
"11744",13595,3,24,2,1,2
"11746",5287,2,49,2,2,2
"11747",56647,1,36,2,1,1
"11748",139297,0,57,2,1,2
"11749",5287,1,33,2,1,2
"11751",56647,2,37,2,2,2
"11752",24547,3,24,2,2,2
"11754",20770,1,38,2,3,2
"11755",52510.1445,5,37,1,2,1
"11758",755,2,22,1,1,1
"11760",6798,13,65,2,3,1
"11763",24547,13,58,3,1,2
"11764",52510.1445,5,31,2,1,2
"11765",11329,1,34,2,1,2
"11766",11329,6,27,3,2,2
"11768",11329,1,52,3,3,2
"11769",8308,2,24,3,2,2
"11771",5287,4,27,1,1,1
"11772",3021,4,23,2,2,1
"11773",24547,4,23,2,2,1
"11775",13595,1,26,1,1,2
"11777",32100,5,56,3,2,1
"11778",20770,2,42,2,2,2
"11779",52510.1445,4,20,2,1,2
"11781",24547,4,53,2,2,1
"11782",13595,4,29,2,1,1
"11784",5287,7,47,2,3,2
"11785",20770,6,24,2,2,1
"11786",3021,2,29,2,2,2
"11787",28323,2,24,2,2,2
"11788",20770,2,25,2,2,2
"11790",56647,1,43,1,2,1
"11791",52510.1445,6,36,1,2,2
"11794",20770,2,39,2,2,1
"11796",3021,3,20,2,2,1
"11797",28323,6,30,3,3,2
"11803",11329,4,23,3,1,2
"11804",16994,11,52,1,1,2
"11805",16994,0,56,2,2,2
"11809",28323,2,64,1,2,2
"11811",28323,5,53,1,2,2
"11814",32100,2,54,2,2,2
"11815",24547,5,36,1,1,2
"11818",56647,2,37,1,1,2
"11819",28323,0,33,2,2,2
"11820",20770,1,43,2,2,2
"11821",20770,2,35,2,1,2
"11822",20770,20,28,2,3,2
"11823",3021,9,45,2,3,2
"11824",13595,4,31,1,1,2
"11825",20770,1,43,2,4,2
"11826",20770,2,35,2,1,2
"11827",11329,2,27,3,3,2
"11828",24547,1,40,2,1,2
"11829",56647,2,33,2,2,2
"11830",13595,2,26,3,2,2
"11831",56647,4,39,2,2,2
"11835",20770,2,21,2,1,2
"11836",16994,1,29,2,1,2
"11837",16994,5,30,2,1,2
"11838",13595,5,21,2,1,2
"11839",20770,1,36,2,2,2
"11840",28323,1,21,2,1,2
"11841",52510.1445,4,57,1,1,1
"11842",32100,2,35,3,1,2
"11843",755,3,33,2,2,1
"11844",13595,3,55,2,2,2
"11845",755,6,19,1,3,1
"11846",16994,1,33,1,2,2
"11847",24547,3,28,3,2,1
"11848",28323,4,53,3,2,2
"11849",20770,5,32,2,1,2
"11851",16994,7,22,2,1,2
"11855",32100,1,46,2,2,2
"11856",16994,5,31,1,3,1
"11857",5287,8,21,2,3,2
"11858",13595,2,70,1,1,2
"11859",56647,2,26,2,2,2
"11860",13595,5,49,2,3,1
"11861",16994,2,25,1,1,1
"11863",9819,4,21,1,1,1
"11865",5287,1,32,1,1,2
"11866",13595,4,29,2,1,1
"11867",3021,1,25,2,1,2
"11868",56647,0,32,2,1,2
"11869",16994,4,21,3,2,2
"11870",24547,1,30,1,2,2
"11871",755,4,22,1,1,2
"11872",20770,5,30,1,1,2
"11875",16994,8,26,1,2,1
"11876",13595,1,24,2,2,2
"11877",56647,4,89,1,1,2
"11880",13595,5,34,3,2,1
"11881",28323,2,31,2,2,1
"11882",3021,7,33,3,3,2
"11883",16994,3,28,2,3,2
"11885",16994,1,29,2,1,2
"11887",3021,3,30,2,1,2
"11888",13595,4,35,2,1,2
"11892",56647,2,33,2,1,1
"11893",28323,13,37,2,1,1
"11894",16994,3,23,2,2,2
"11895",28323,2,64,1,2,1
"11896",13595,4,27,2,2,1
"11899",11329,5,23,1,3,2
"11905",28323,2,37,2,2,1
"11913",52510.1445,1,34,1,1,1
"11917",16994,2,28,2,2,1
"11918",56647,1,33,2,1,2
"11919",56647,4,53,1,1,2
"11920",52510.1445,3,47,2,1,2
"11922",139297,4,57,2,1,2
"11923",755,3,50,1,3,2
"11926",32100,4,48,2,3,2
"11929",3021,7,34,2,2,1
"11930",24547,1,57,3,3,1
"11931",16994,5,58,2,2,1
"11932",8308,1,65,2,2,1
"11934",3021,3,25,2,3,2
"11935",20770,6,24,1,1,2
"11937",11329,0,33,1,1,2
"11938",16994,9,32,2,2,2
"11939",3021,2,59,2,4,1
"11940",3021,2,58,2,2,1
"11943",24547,3,25,2,1,2
"11944",20770,12,29,2,1,2
"11949",16994,5,27,2,4,2
"11951",28323,5,46,2,2,1
"11958",24547,1,40,2,1,2
"11959",16994,1,52,1,2,1
"11960",3021,8,29,2,2,2
"11961",13595,2,39,2,2,1
"11968",3021,4,20,3,1,2
"11969",24547,4,35,3,3,1
"11973",24547,13,51,2,4,1
"11974",24547,8,60,2,2,1
"11975",755,1,37,1,2,1
"11976",13595,2,62,2,2,1
"11977",8308,2,22,1,2,2
"11979",139297,7,57,1,2,1
"11981",32100,3,32,2,1,1
"11982",8308,2,28,1,1,2
"11983",52510.1445,7,31,2,3,1
"11985",9819,9,50,2,2,2
"11987",56647,4,45,2,3,2
"11988",24547,1,46,1,2,2
"11990",13595,2,29,2,1,1
"11992",11329,8,32,2,2,1
"11993",16994,6,25,1,1,1
"11994",24547,1,35,1,1,2
"11995",28323,7,31,2,2,1
"11998",8308,3,22,1,2,2
"11999",16994,5,27,2,2,2
"12002",3021,7,73,1,1,1
"12003",6798,9,22,3,3,1
"12004",11329,3,26,2,2,2
"12005",52510.1445,0,34,1,2,2
"12006",8308,8,31,3,1,1
"12007",16994,6,33,2,2,1
"12008",3021,7,27,2,2,2
"12011",16994,4,46,1,2,2
"12013",16994,12,45,2,1,2
"12014",24547,4,45,1,2,2
"12015",28323,1,53,1,2,2
"12017",16994,9,45,1,3,1
"12019",9819,1,52,2,2,1
"12020",13595,3,20,2,1,2
"12021",20770,1,27,2,1,2
"12022",16994,2,27,2,1,1
"12023",16994,3,48,2,2,2
"12025",16994,1,28,2,2,1
"12026",56647,3,30,2,3,1
"12027",13595,7,23,2,2,2
"12028",5287,5,38,2,2,2
"12030",28323,4,53,1,2,1
"12036",755,0,50,2,1,2
"12037",3021,2,33,2,2,2
"12038",8308,4,26,2,3,1
"12040",24547,1,65,1,2,1
"12042",24547,5,35,1,2,1
"12043",139297,6,55,1,2,1
"12048",28323,6,68,3,1,2
"12049",11329,14,46,2,1,2
"12051",139297,6,57,1,1,1
"12052",52510.1445,1,37,1,1,2
"12053",56647,2,29,2,2,2
"12055",3021,4,21,1,1,2
"12056",6798,2,41,1,2,2
"12057",24547,4,30,2,1,2
"12058",24547,12,29,2,3,1
"12067",9819,7,66,2,1,1
"12068",13595,3,34,1,1,1
"12070",3021,2,32,1,2,2
"12071",32100,2,46,2,1,1
"12074",3021,7,26,2,2,2
"12075",139297,3,40,1,1,2
"12077",20770,0,33,2,2,2
"12078",3021,4,31,2,2,2
"12079",20770,5,24,2,2,2
"12080",16994,1,47,1,1,1
"12081",24547,3,28,2,2,2
"12082",9819,3,25,2,2,1
"12083",6798,6,66,1,2,1
"12084",28323,6,54,3,2,1
"12087",56647,9,32,2,2,1
"12089",16994,6,50,2,3,2
"12093",8308,4,30,1,1,2
"12097",8308,9,49,1,1,1
"12099",24547,5,40,2,2,2
"12100",11329,8,39,2,3,1
"12102",755,7,28,1,2,2
"12103",5287,5,60,2,3,1
"12104",13595,3,54,1,2,1
"12106",28323,1,42,2,3,2
"12109",13595,4,45,1,1,1
"12112",13595,0,39,1,1,2
"12116",13595,3,28,1,1,1
"12117",6798,3,20,2,2,2
"12118",13595,4,66,2,1,2
"12120",8308,2,24,3,2,2
